Date,Open,High,Low,Close,Adj Close,Volume
8/15/2018,63.040001,63.669998,60.799999,61.970001,61.970001,1752700
8/16/2018,62.77,62.810001,61.09,62.200001,62.200001,1523300
8/17/2018,62.099998,62.150002,60.849998,61.709999,61.709999,911500
8/20/2018,61.560001,62.119999,60.91,61.700001,61.700001,864300
8/21/2018,61.919998,63.049999,61.68,61.830002,61.830002,681200
8/22/2018,61.380001,63.450001,61.25,63.400002,63.400002,972600
8/23/2018,63.799999,65.099998,63.645,64.589996,64.589996,967000
8/24/2018,65.18,66.870003,65.050003,66.760002,66.760002,1616700
8/27/2018,67.370003,67.779999,66.330002,67.010002,67.010002,1244800
8/28/2018,67.419998,67.959999,66.769997,67.309998,67.309998,669000
8/29/2018,67.559998,69.440002,67.544998,69.230003,69.230003,1387900
8/30/2018,68.970001,69.980003,68.620003,69.400002,69.400002,908000
8/31/2018,69,69.629997,68.370003,68.889999,68.889999,1584600
9/4/2018,68.839996,69.760002,67.900002,69.68,69.68,895000
9/5/2018,69.699997,69.699997,66.379997,67.980003,67.980003,1763300
9/6/2018,68,68.625,67.360001,67.940002,67.940002,1068200
9/7/2018,67.410004,69.629997,66.940002,69.059998,69.059998,730600
9/10/2018,69.239998,70.114998,68.758003,69.949997,69.949997,812200
9/11/2018,70.410004,71.760002,69.949997,70.660004,70.660004,1037000
9/12/2018,70.339996,71.169998,69.129997,70.669998,70.669998,780700
9/13/2018,70.709999,71.809998,70.290001,70.550003,70.550003,1207800
9/14/2018,70.580002,72.230003,70.300003,71.940002,71.940002,1180600
9/17/2018,71.540001,72.18,67.440002,67.690002,67.690002,1726200
9/18/2018,67.980003,69.980003,67.919998,68.510002,68.510002,2076200
9/19/2018,68.459999,69.120003,66.540001,67.230003,67.230003,1060600
9/20/2018,67.199997,68.239998,66.349998,67.970001,67.970001,729300
9/21/2018,68.290001,68.889999,67.110001,67.309998,67.309998,958200
9/24/2018,66.75,68.779999,65.889999,68.550003,68.550003,1029700
9/25/2018,68.870003,72.050003,68.559998,71.370003,71.370003,1918200
9/26/2018,71.639999,71.879997,70.220001,71.160004,71.160004,1235500
9/27/2018,71.169998,72.059998,70.139999,70.809998,70.809998,874400
9/28/2018,70.25,71.82,70.25,71,71,1021600
10/1/2018,71.43,72.760002,69.089996,69.199997,69.199997,907500
10/2/2018,69.709999,70.010002,67.169998,67.639999,67.639999,1456100
10/3/2018,67.959999,68.889999,67.059998,67.879997,67.879997,1126300
10/4/2018,67.68,67.989998,65.900002,66.669998,66.669998,887500
10/5/2018,66.510002,68.029999,64.599998,65.800003,65.800003,1252500
10/8/2018,65.269997,65.889999,62.23,63.669998,63.669998,2357800
10/9/2018,63.799999,65.790001,62.639999,63.290001,63.290001,1760800
10/10/2018,62.919998,63.080002,59.669998,60.07,60.07,1812800
10/11/2018,59.5,61.09,58.509998,59.169998,59.169998,1919200
10/12/2018,61.439999,62.5,60.18,61.610001,61.610001,1745400
10/15/2018,61.43,61.73,59.599998,60.639999,60.639999,1978100
10/16/2018,62.330002,63.360001,61.540001,63.220001,63.220001,1832100
10/17/2018,63.700001,63.828999,62,62.959999,62.959999,1459400
10/18/2018,62.490002,63.580002,60.619999,61.700001,61.700001,1675900
10/19/2018,62.369999,62.849998,57.709999,57.82,57.82,2129300
10/22/2018,58,59.59,57.529999,58.740002,58.740002,1743600
10/23/2018,57.400002,59.82,56.82,59.310001,59.310001,1629800
10/24/2018,59.470001,59.845001,55.630001,55.700001,55.700001,2117400
10/25/2018,56.560001,57.509998,55.5,56.91,56.91,1773400
10/26/2018,55.209999,56.75,54.080002,55.68,55.68,1756300
10/29/2018,56.869999,58.439999,53.205002,54.189999,54.189999,3224900
10/30/2018,53.830002,54.82,52.549999,53.759998,53.759998,4765400
10/31/2018,56.23,58.27,53.939999,54.970001,54.970001,5213000
11/1/2018,54.830002,55.32,52.68,55.150002,55.150002,2954900
11/2/2018,55.040001,57,54.790001,55.169998,55.169998,2263400
11/5/2018,55.110001,55.169998,52.439999,53.330002,53.330002,1584100
11/6/2018,53.119999,54.049999,51.93,53.009998,53.009998,1508200
11/7/2018,53.560001,58.34,53.548,57.639999,57.639999,3361100
11/8/2018,57.599998,58.029999,54.919998,55.549999,55.549999,1376200
11/9/2018,54.849998,55,52.779999,54.400002,54.400002,1575900
11/12/2018,54.700001,55.360001,51.669998,53.189999,53.189999,2034500
11/13/2018,53.240002,54.380001,52.119999,52.549999,52.549999,2116200
11/14/2018,53.389999,54,52.66,53.099998,53.099998,2370800
11/15/2018,53.459999,56.110001,52.220001,55.970001,55.970001,3195900
11/16/2018,55.369999,56.799999,54.400002,54.919998,54.919998,3359000
11/19/2018,54.540001,55.82,47.869999,48.369999,48.369999,4904000
11/20/2018,45.599998,51,45.599998,49.369999,49.369999,3862500
11/21/2018,50.549999,52.52,50.375,51.799999,51.799999,2136300
11/23/2018,51.029999,53.52,51.029999,53.099998,53.099998,855200
11/26/2018,53.759998,54.470001,52.799999,54.16,54.16,3193600
11/27/2018,53.77,53.775002,51.369999,52.549999,52.549999,1752500
11/28/2018,53.610001,57.75,53.610001,57.439999,57.439999,2544600
11/29/2018,57.040001,59.040001,56.84,58.290001,58.290001,1493100
11/30/2018,58.75,60.09,58.419998,59.43,59.43,1830100
12/3/2018,61.18,61.389999,59.349998,61.389999,61.389999,1753700
12/4/2018,60.619999,61.259998,58.310001,58.48,58.48,1659300
12/6/2018,56.889999,60.095001,56.709999,59.880001,59.880001,2318000
12/7/2018,60.369999,61.799999,57.150002,58.400002,58.400002,1762800
12/10/2018,57.950001,59.98,57.240002,58.599998,58.599998,1194600
12/11/2018,59.639999,59.957001,58.23,58.529999,58.529999,821900
12/12/2018,59.560001,62.720001,59.43,60.610001,60.610001,3617500
12/13/2018,60.790001,61.41,60.080002,61.169998,61.169998,2478900
12/14/2018,60,61.060001,58.889999,59.860001,59.860001,1622100
12/17/2018,59.25,59.59,55.27,55.91,55.91,2604300
12/18/2018,56.59,57.490002,54.720001,55.419998,55.419998,2684400
12/19/2018,55.41,57.91,55.150002,55.810001,55.810001,1698400
12/20/2018,55.240002,56.262001,51.41,53.639999,53.639999,1881700
12/21/2018,53.869999,54.07,50.619999,51.25,51.25,1681000
12/24/2018,50.27,52.98,50.049999,51.509998,51.509998,763600
12/26/2018,52,56.130001,52,56.029999,56.029999,1420300
12/27/2018,55,56.869999,54.290001,56.869999,56.869999,1119800
12/28/2018,57.130001,58.360001,55.669998,57.25,57.25,953800
12/31/2018,58.049999,58.610001,57.240002,58.369999,58.369999,921100
1/2/2019,57.040001,57.93,56.049999,57.59,57.59,1641500
1/3/2019,56.48,57.299999,55.330002,55.540001,55.540001,1548300
1/4/2019,56.799999,59.404999,56.519001,58.220001,58.220001,1876000
1/7/2019,59.380001,62.23,58.700001,61.279999,61.279999,2087800
1/8/2019,62.5,63.709999,61.145,63.25,63.25,2164600
1/9/2019,63.68,63.84,62.383999,62.560001,62.560001,1413800
1/10/2019,61.66,63.525002,61.367001,62.959999,62.959999,712700
1/11/2019,62.75,63.540001,62.169998,62.450001,62.450001,750600
1/14/2019,61.32,62.130001,61,61.549999,61.549999,1252300
1/15/2019,61.580002,63.75,61.57,63.009998,63.009998,1845900
1/16/2019,63.57,64.839996,62.509998,62.939999,62.939999,1530800
1/17/2019,63.110001,64.389999,62.75,63.709999,63.709999,1344400
1/18/2019,64.75,65.629997,63.919998,65.029999,65.029999,1780200
1/22/2019,64.580002,64.644997,63.41,64.040001,64.040001,1682000
1/23/2019,64.769997,66.82,63.799999,64.400002,64.400002,1495900
1/24/2019,64.370003,65.165001,63.799999,64.519997,64.519997,2541100
1/25/2019,65.260002,66.028,64.599998,65.790001,65.790001,955100
1/28/2019,65.169998,66.089996,64.400002,65.910004,65.910004,1403800
1/29/2019,65.970001,66.084999,64.559998,64.629997,64.629997,749500
1/30/2019,65.400002,66.309998,64.894997,65.93,65.93,1847700
1/31/2019,66.550003,68.552002,66.489998,67.529999,67.529999,2204400
2/1/2019,67.440002,69.199997,67.32,69.080002,69.080002,2093000
2/4/2019,69.470001,70.489998,68.837997,68.989998,68.989998,2484000
2/5/2019,69.300003,69.445,68.080002,68.599998,68.599998,3379600
2/6/2019,78,78.849998,71.010002,72.400002,72.400002,9472300
2/7/2019,71.339996,73.43,69.870003,73.269997,73.269997,3060400
2/8/2019,72.699997,76.410004,72.25,76.379997,76.379997,3164500
2/11/2019,77.040001,78.410004,75.839996,76.790001,76.790001,2007200
2/12/2019,77.839996,78.744003,76.980003,78.470001,78.470001,1715400
2/13/2019,79,79.830002,77.290001,77.489998,77.489998,1488500
2/14/2019,77.349998,79.160004,76.139999,78.970001,78.970001,2282200
2/15/2019,79.150002,79.306,77.389999,78.730003,78.730003,1307500
2/19/2019,78.32,79.080002,77.199997,78.07,78.07,1644000
2/20/2019,78.059998,79.720001,76.959999,77.160004,77.160004,2999300
2/21/2019,76.580002,77.220001,75.660004,77.059998,77.059998,1628500
2/22/2019,77.400002,78.841003,77.332001,78.839996,78.839996,1211700
2/25/2019,79.720001,80.230003,78.910004,79.059998,79.059998,2023500
2/26/2019,78.730003,79.629997,78.074997,79.169998,79.169998,1198500
2/27/2019,79.220001,79.849998,78.565002,79.32,79.32,1143700
2/28/2019,79.269997,80.25,78.610001,79.019997,79.019997,2736100
3/1/2019,80,80.629997,79.139999,80.269997,80.269997,1849100
3/4/2019,80.730003,80.980003,74.610001,77.010002,77.010002,3708400
3/5/2019,76.830002,77.489998,75.519997,77.040001,77.040001,1915200
3/6/2019,76.629997,77.375,74.900002,75.209999,75.209999,1953300
3/7/2019,75.010002,77.019997,74.18,75.919998,75.919998,2146400
3/8/2019,74.5,77.230003,73.839996,77.199997,77.199997,1373100
3/11/2019,77.43,80.400002,77.389999,79.209999,79.209999,2473400
3/12/2019,79.589996,81.489998,78.419998,81.400002,81.400002,2268300
3/13/2019,81.610001,82.919998,81.219002,81.699997,81.699997,3343300
3/14/2019,81.790001,83.830002,81.260002,82.959999,82.959999,1455400
3/15/2019,82.730003,83.589996,82.050003,82.599998,82.599998,1955100
3/18/2019,82.599998,83.5,81.296997,82.919998,82.919998,1979200
3/19/2019,83.410004,84.559998,82.510002,83.879997,83.879997,1534500
3/20/2019,83.540001,84.949997,82.769997,84.019997,84.019997,1545100
3/21/2019,83.800003,86.129997,83.785004,85.639999,85.639999,1325000
3/22/2019,84.940002,85,81.833,82.82,82.82,1590300
3/25/2019,82.110001,83.160004,81.324997,82.720001,82.720001,2026200
3/26/2019,83.93,84.870003,83.199997,84.18,84.18,1025200
3/27/2019,84.269997,84.5,80.910004,82.410004,82.410004,1361400
3/28/2019,82.769997,83.68,81.860001,83.32,83.32,736200
3/29/2019,84.129997,85.5,83.416,85,85,1002100
4/1/2019,86.010002,86.478996,83.660004,85.330002,85.330002,1119100
4/2/2019,85.379997,86.485001,84.550003,86.269997,86.269997,886800
4/3/2019,86.580002,86.849998,85.260002,85.43,85.43,1116400
4/4/2019,85.480003,85.690002,80.150002,82.099998,82.099998,2008500
4/5/2019,82.529999,82.889999,81.120003,81.709999,81.709999,1797100
4/8/2019,81.550003,82.279999,79.699997,81.790001,81.790001,964700
4/9/2019,81.199997,83.059998,81.199997,82.599998,82.599998,1225100
4/10/2019,83.089996,84.910004,82.629997,83.339996,83.339996,1597300
4/11/2019,83.43,84.014999,82.639999,83.889999,83.889999,1053600
4/12/2019,84.480003,84.510002,82.400002,83.199997,83.199997,590300
4/15/2019,83,84.120003,82.699997,83.220001,83.220001,1439200
4/16/2019,83.660004,83.879997,81.309998,81.970001,81.970001,1544100
4/17/2019,82.089996,82.550003,79.260002,80.699997,80.699997,1821900
4/18/2019,80,81.209999,78.43,80.900002,80.900002,1484300
4/22/2019,80.870003,82.709999,80.254997,82.580002,82.580002,769200
4/23/2019,82.919998,83.874001,82.809998,83.480003,83.480003,1211800
4/24/2019,84.349998,84.839996,82.669998,82.959999,82.959999,2300600
4/25/2019,84.010002,86.089996,83.25,84.529999,84.529999,1756000
4/26/2019,84.690002,86.040001,84.209999,85.769997,85.769997,1035700
4/29/2019,86.440002,87.724998,86,87.550003,87.550003,2065100
4/30/2019,87.489998,87.919998,86,87.779999,87.779999,2122600
5/1/2019,85.25,85.919998,83.485001,84.769997,84.769997,3913000
5/2/2019,84.650002,84.959999,81.610001,83.650002,83.650002,2015900
5/3/2019,84.470001,87.089996,83.400002,86.949997,86.949997,1888200
5/6/2019,84.639999,87.889999,83.519997,87.809998,87.809998,2122100
5/7/2019,86.959999,87.309998,83.93,85.25,85.25,1914500
5/8/2019,85.050003,86.57,84.540001,86.18,86.18,858700
5/9/2019,85.269997,87.739998,84.385002,87.260002,87.260002,1572300
5/10/2019,86.75,89.07,85.564003,88.580002,88.580002,1178200
5/13/2019,86.220001,86.220001,82.239998,83.889999,83.889999,1882400
5/14/2019,84.68,85.949997,83.660004,85.489998,85.489998,1573700
5/15/2019,84.239998,87.360001,84.230003,86.669998,86.669998,1601200
5/16/2019,87.089996,90,87.029999,89,89,1519900
5/17/2019,88.160004,89.595001,87.550003,87.959999,87.959999,920600
5/20/2019,86.510002,87.889999,85.209999,87.32,87.32,1520900
5/21/2019,88.290001,89.964996,87.629997,88.18,88.18,932000
5/22/2019,87.650002,90,87.480003,89.010002,89.010002,766100
5/23/2019,88.209999,88.230003,85.809998,86.660004,86.660004,1343800
5/24/2019,87.150002,88.459999,87.010002,88.019997,88.019997,741800
5/28/2019,88.360001,90.529999,87.940002,88.519997,88.519997,1029400
5/29/2019,87.540001,87.850998,84.110001,84.199997,84.199997,1467300
5/30/2019,84.610001,85.440002,83.379997,84.730003,84.730003,1505400
5/31/2019,83.440002,85.139999,83.160004,84.25,84.25,1438700
6/3/2019,84.050003,84.410004,77.610001,78.419998,78.419998,3029600
6/4/2019,79.699997,81.739998,78.695,81.629997,81.629997,3411000
6/5/2019,82.809998,84.230003,81.580002,83.709999,83.709999,1660300
6/6/2019,83.169998,85.25,82.550003,84.730003,84.730003,1941100
6/7/2019,86.440002,89.57,86.339996,89.370003,89.370003,2151400
6/10/2019,90.300003,93.720001,90.279999,91.879997,91.879997,2461600
6/11/2019,91.870003,92.5,86.540001,87.690002,87.690002,2417600
6/12/2019,88.230003,88.829002,87.019997,88.050003,88.050003,1288100
6/13/2019,88.160004,88.610001,86.849998,87.989998,87.989998,1018900
6/14/2019,87.68,87.769997,85.830002,86.809998,86.809998,1204600
6/17/2019,87,89.099998,86.540001,87.25,87.25,1173100
6/18/2019,88.68,89.775002,87.660004,87.699997,87.699997,1158700
6/19/2019,88.419998,89.949997,86.93,89.800003,89.800003,1572300
6/20/2019,91.419998,93.184998,91.169998,92.660004,92.660004,1853200
6/21/2019,92.470001,92.900002,91.419998,92.550003,92.550003,1608800
6/24/2019,91.980003,92.669998,90.165001,91.300003,91.300003,1527300
6/25/2019,91.349998,91.57,87.220001,87.809998,87.809998,1492700
6/26/2019,88.440002,89.089996,85.849998,86.330002,86.330002,1423300
6/27/2019,86.720001,88.550003,85.669998,88.279999,88.279999,1426300
6/28/2019,88.279999,89.150002,86.519997,89.029999,89.029999,1298700
7/1/2019,91.230003,91.839996,89.660004,90.620003,90.620003,1127700
7/2/2019,90.940002,91.650002,90.190002,90.900002,90.900002,956600
7/3/2019,90.949997,92.550003,90.910004,91.800003,91.800003,986400
7/5/2019,91.209999,91.959999,89.07,91.940002,91.940002,820200
7/8/2019,91.400002,92.010002,90.940002,91.620003,91.620003,1390600
7/9/2019,91.040001,93.419998,90.769997,93.150002,93.150002,1781200
7/10/2019,93.5,94.760002,93.18,93.690002,93.690002,805800
7/11/2019,93.970001,94.889999,93.25,93.699997,93.699997,846600
7/12/2019,94.43,94.650002,92.360001,93.620003,93.620003,725300
7/15/2019,93.879997,94.434998,92.849998,93.330002,93.330002,849100
7/16/2019,93.279999,93.669998,90.769997,91.57,91.57,997700
7/17/2019,91.959999,94,91.919998,92.510002,92.510002,826700
7/18/2019,91.870003,92.910004,91.294998,92.129997,92.129997,947100
7/19/2019,92.900002,93.514999,90.489998,90.690002,90.690002,1048400
7/22/2019,91.209999,93.580002,91.209999,92.720001,92.720001,1077600
7/23/2019,93.489998,93.75,90.110001,91.57,91.57,928500
7/24/2019,91.989998,93.485001,91.57,93.470001,93.470001,910400
7/25/2019,93.25,94.43,92.589996,93.300003,93.300003,1439200
7/26/2019,93.639999,94.830002,93.550003,93.739998,93.739998,1116600
7/29/2019,94.18,94.239998,89.690002,92.830002,92.830002,1979700
7/30/2019,91.699997,93.529999,91.089996,93.120003,93.120003,2494000
7/31/2019,86.699997,88.620003,83.220001,83.559998,83.559998,8675400
8/1/2019,83.82,86.269997,82.339996,82.68,82.68,4341400
8/2/2019,82.089996,82.166,78.916,80.199997,80.199997,3717400
8/5/2019,77.459999,78.489998,75.209999,76.449997,76.449997,3532600
8/6/2019,77.300003,77.989998,75.440002,77.169998,77.169998,3232100
8/7/2019,76.269997,77.239998,74.489998,76.889999,76.889999,1988800
8/8/2019,77.849998,78.870003,77.209999,78.019997,78.019997,2257700
8/9/2019,77.629997,78.029999,76.120003,76.339996,76.339996,1612100
8/12/2019,75.629997,76,73.650002,74.389999,74.389999,1077300
8/13/2019,73.970001,78.870003,73.900002,78.059998,78.059998,2894600
8/14/2019,75.830002,76.25,73.160004,74.699997,74.699997,1853000
8/15/2019,75,75.589996,73.580002,74.620003,74.620003,1512200
8/16/2019,75.370003,76.870003,75.360001,76.300003,76.300003,1152700
8/19/2019,77.519997,77.93,76.110001,76.959999,76.959999,1497600
8/20/2019,76.599998,78.699997,76,78.110001,78.110001,1628700
8/21/2019,79.010002,81.010002,78.714996,80.230003,80.230003,1966400
8/22/2019,81.82,81.970001,79.809998,80.839996,80.839996,1639200
8/23/2019,80.690002,82.629997,79.660004,80.389999,80.389999,1537000
8/26/2019,81,82.290001,79.970001,82.230003,82.230003,1499900
8/27/2019,82.800003,84.150002,81.339996,82.300003,82.300003,1159200
8/28/2019,81.410004,81.584999,78.610001,80.050003,80.050003,1557300
8/29/2019,81.199997,82.080002,80.459999,81.400002,81.400002,772100
8/30/2019,81.849998,82.050003,78.459999,80.199997,80.199997,1525000
9/3/2019,79.309998,80.419998,78.209999,79.129997,79.129997,935200
9/4/2019,80.290001,80.889999,79.099998,79.410004,79.410004,808900
9/5/2019,80.449997,80.5,78.459999,79.910004,79.910004,1370700
9/6/2019,79.790001,79.879997,77.794998,78.309998,78.309998,888800
9/9/2019,78.699997,78.857002,73.419998,75.620003,75.620003,3365800
9/10/2019,74.480003,76.290001,73.629997,75.830002,75.830002,1645500
9/11/2019,75.849998,78,75.57,75.860001,75.860001,1504000
9/12/2019,76.519997,77.599998,74.18,74.230003,74.230003,1803100
9/13/2019,73.599998,74.669998,72.25,73.459999,73.459999,1779200
9/16/2019,72.760002,74.650002,71.910004,74.459999,74.459999,1566900
9/17/2019,75.199997,76.970001,75.150002,76.68,76.68,1257900
9/18/2019,76.690002,77.760002,76.360001,77.660004,77.660004,1283800
9/19/2019,78.199997,78.529999,76.669998,77.360001,77.360001,1044500
9/20/2019,77.529999,78.485001,76.345001,77.489998,77.489998,1303100
9/23/2019,77.080002,78.330002,76.690002,77.230003,77.230003,475700
9/24/2019,77.620003,77.620003,73.410004,73.599998,73.599998,2313100
9/25/2019,73.360001,73.519997,70.529999,73.400002,73.400002,1843100
9/26/2019,73.510002,74.800003,73.010002,74.080002,74.080002,1191600
9/27/2019,74.519997,74.68,70.150002,72.080002,72.080002,3297300
9/30/2019,71.989998,73.139999,71.010002,72.879997,72.879997,1684300
10/1/2019,73.32,73.959999,72.410004,72.709999,72.709999,1705100
10/2/2019,71.839996,72.160004,68.139999,69.809998,69.809998,3346100
10/3/2019,69.669998,73.339996,69.010002,73.169998,73.169998,2474300
10/4/2019,73.980003,74.839996,72.330002,74.800003,74.800003,1380600
10/7/2019,74.269997,75.709999,74.269997,75.139999,75.139999,882700
10/8/2019,74.160004,74.970001,72.080002,72.389999,72.389999,1255800
10/9/2019,73.300003,74.050003,72.834999,73.650002,73.650002,757600
10/10/2019,73.129997,73.449997,69.349998,70.160004,70.160004,3590900
10/11/2019,71.239998,72.629997,70.279999,71.879997,71.879997,2354900
10/14/2019,71.559998,73.260002,71.559998,72.849998,72.849998,1470600
10/15/2019,71.540001,71.989998,68.959999,69.129997,69.129997,4337900
10/16/2019,67.290001,68.910004,65.410004,68.089996,68.089996,3979400
10/17/2019,68.639999,68.910004,67.495003,67.980003,67.980003,1342600
10/18/2019,67.470001,67.535004,63.470001,64.400002,64.400002,5631000
10/21/2019,64.5,64.956001,62.384998,63.869999,63.869999,4875500
10/22/2019,64.639999,65.379997,63.07,63.73,63.73,3328800
10/23/2019,63.540001,65.559998,63.099998,63.810001,63.810001,2796300
10/24/2019,64.889999,66.339996,64.889999,65.75,65.75,3052900
10/25/2019,65.879997,66.400002,65.150002,66.139999,66.139999,3182900
10/28/2019,66.550003,67.120003,65.470001,66.68,66.68,2258300
10/29/2019,66.900002,67.019997,66.220001,66.410004,66.410004,3102900
10/30/2019,72.800003,73,67.620003,69.440002,69.440002,6180600
10/31/2019,68.5,71.32,68.231003,70.650002,70.650002,3644400
11/1/2019,70.559998,72.360001,69.745003,72.230003,72.230003,2066900
11/4/2019,72.459999,72.675003,70.360001,71.959999,71.959999,2155800
11/5/2019,71.610001,72.300003,70.660004,70.709999,70.709999,1937800
11/6/2019,70.849998,70.940002,69.660004,70.32,70.32,1506900
11/7/2019,70.43,71.220001,69.809998,69.839996,69.839996,928800
11/8/2019,69.510002,71.239998,69.129997,70.830002,70.830002,872300
11/11/2019,70.900002,72.709999,70.486,72.309998,72.309998,1226200
11/12/2019,72.209999,73.870003,72.150002,73.510002,73.510002,1573500
11/13/2019,73.389999,74,72.75,73.870003,73.870003,996500
11/14/2019,73.620003,74.559998,73.559998,74.07,74.07,1416300
11/15/2019,74.260002,75.720001,73.449997,75.440002,75.440002,1391800
11/18/2019,75.400002,77.309998,75.019997,77.209999,77.209999,2267100
11/19/2019,77.379997,78.110001,76.589996,77.470001,77.470001,1241800
11/20/2019,77.110001,79.290001,77.050003,78.029999,78.029999,1834200
11/21/2019,78.25,79.705002,78.25,78.809998,78.809998,1341400
11/22/2019,79.699997,80.169998,78.190002,78.900002,78.900002,1502200
11/25/2019,79.139999,79.309998,78,78.330002,78.330002,1882400
11/26/2019,78.93,80.290001,78.613998,79.230003,79.230003,1854400
11/27/2019,79.25,79.730003,78.449997,78.830002,78.830002,720900
11/29/2019,78.919998,79.849998,78.700996,79,79,308400
12/2/2019,78.779999,78.779999,74.18,74.650002,74.650002,2164200
12/3/2019,72.410004,75.589996,72.050003,75.410004,75.410004,1298500
12/4/2019,76.150002,76.300003,74.75,75.849998,75.849998,1020300
12/5/2019,76.010002,76.417999,75.629997,75.769997,75.769997,718400
12/6/2019,75.830002,76.230003,75.18,75.699997,75.699997,708800
12/9/2019,75.370003,75.650002,74.339996,75.080002,75.080002,1082600
12/10/2019,75.120003,75.669998,73.459999,73.970001,73.970001,1073700
12/11/2019,74.419998,74.419998,72.57,73.389999,73.389999,1449500
12/12/2019,73,74,71.839996,73.709999,73.709999,849800
12/13/2019,73.709999,75.949997,73.709999,75.75,75.75,1111700
12/16/2019,75.93,77.160004,75.890999,76.730003,76.730003,1373200
12/17/2019,77.449997,77.540001,75.110001,75.239998,75.239998,1574200
12/18/2019,75.419998,77.169998,75.190002,76.260002,76.260002,1033200
12/19/2019,76.040001,76.620003,75.510002,76.150002,76.150002,1352200
12/20/2019,76.529999,77.760002,76.529999,77.650002,77.650002,1341900
12/23/2019,77.870003,78.059998,76.989998,77.110001,77.110001,1336900
12/24/2019,77,77.190002,76.089996,76.739998,76.739998,270200
12/26/2019,77.029999,77.862,77.029999,77.620003,77.620003,1280000
12/27/2019,77.949997,78.550003,77.050003,77.529999,77.529999,572900
12/30/2019,77.529999,77.639999,75.199997,76.300003,76.300003,1365800
12/31/2019,75.790001,76.970001,75.739998,76.629997,76.629997,940900
1/2/2020,77.519997,80.139999,77.370003,79.989998,79.989998,2437600
1/3/2020,78.589996,79.010002,77.669998,78.349998,78.349998,1157300
1/6/2020,77.639999,80.940002,77.639999,80.93,80.93,1400000
1/7/2020,80.93,81.25,78.529999,78.68,78.68,2073100
1/8/2020,78.75,80.440002,78.75,79.800003,79.800003,1213700
1/9/2020,80.790001,81.809998,80.665001,81.160004,81.160004,1170300
1/10/2020,82.339996,84.440002,81.449997,81.800003,81.800003,2087700
1/13/2020,82.32,84.599998,82.32,83.790001,83.790001,1415200
1/14/2020,83.790001,83.879997,81.910004,83.230003,83.230003,1583900
1/15/2020,83.379997,86.055,83.379997,83.989998,83.989998,1649000
1/16/2020,84.449997,85.330002,84.150002,84.699997,84.699997,1638600
1/17/2020,86,86.18,83.940002,83.970001,83.970001,1367900
1/21/2020,84.330002,86.089996,84.330002,85.57,85.57,1655800
1/22/2020,86.25,87.010002,85.18,85.18,85.18,1568100
1/23/2020,85.230003,86.410004,84.620003,85.970001,85.970001,867800
1/24/2020,87.010002,88.504997,85.490997,86.190002,86.190002,1564300
1/27/2020,83.239998,85.440002,83.129997,84.900002,84.900002,857500
1/28/2020,85.300003,86.214996,84.860001,85.870003,85.870003,1249100
1/29/2020,86.629997,86.910004,85.150002,86,86,1010300
1/30/2020,85.660004,87.269997,85.660004,87,87,900600
1/31/2020,86.709999,87.324997,84.879997,86.400002,86.400002,1339900
2/3/2020,86.779999,88.290001,86.434998,87.879997,87.879997,1647500
2/4/2020,88.940002,90.099998,88.260002,89.519997,89.519997,1440300
2/5/2020,90.379997,90.529999,86.760002,87.220001,87.220001,1621800
2/6/2020,87.220001,88.059998,85.599998,86.809998,86.809998,2372000
2/7/2020,85.470001,89.25,85.010002,86.949997,86.949997,4354200
2/10/2020,86.93,89.419998,86.639999,89.199997,89.199997,2704100
2/11/2020,89.150002,89.870003,88.279999,88.540001,88.540001,1657100
2/12/2020,88.730003,88.959999,86.710999,88.879997,88.879997,1063900
2/13/2020,88.330002,90.839996,87.889999,89.529999,89.529999,1762000
2/14/2020,89.980003,91.510002,89.690002,90.480003,90.480003,1114200
2/18/2020,90,90.695,89.370003,90.239998,90.239998,1226600
2/19/2020,90.849998,91.440002,89.989998,90.019997,90.019997,1042200
2/20/2020,89.75,90.32,86.839996,88.300003,88.300003,2120000
2/21/2020,87.839996,87.949997,85.230003,86.25,86.25,1967100
2/24/2020,81.959999,84.839996,81.160004,84.230003,84.230003,1872200
2/25/2020,85.059998,85.949997,81.080002,81.309998,81.309998,2704500
2/26/2020,82.059998,85.440002,81.970001,83.040001,83.040001,2161300
2/27/2020,80.360001,82.889999,79.209999,79.910004,79.910004,1516900
2/28/2020,77.32,80.269997,77.000999,79.309998,79.309998,2443100
3/2/2020,79.879997,80.980003,76.230003,78.470001,78.470001,2828500
3/3/2020,77.849998,78.489998,68.599998,71.059998,71.059998,7846900
3/4/2020,71.970001,73.68,70.199997,73.230003,73.230003,3424800
3/5/2020,71.870003,74.559998,71.559998,73,73,2936000
3/6/2020,71.809998,72.790001,69.290001,71.550003,71.550003,4600600
3/9/2020,66.889999,70.269997,66,68.019997,68.019997,3123400
3/10/2020,70.480003,72.269997,68.260002,72.209999,72.209999,2436700
3/11/2020,70.690002,71.889999,64.5,65.699997,65.699997,3244500
3/12/2020,61.259998,65.419998,59.740002,60.169998,60.169998,3258900
3/13/2020,63.169998,64.720001,57.939999,64.43,64.43,2496200
3/16/2020,57,59.32,54.07,54.740002,54.740002,3503200
3/17/2020,55.450001,61.049999,50.23,60.860001,60.860001,2891900
3/18/2020,55.610001,64.43,55.599998,58.84,58.84,2791300
3/19/2020,58.639999,63.84,56.810001,62.189999,62.189999,2033100
3/20/2020,62.220001,63.529999,56.5,56.880001,56.880001,3550900
3/23/2020,56.560001,58.759998,53.75,55.740002,55.740002,2178500
3/24/2020,58.75,64.5,58.290001,64.489998,64.489998,3093700
3/25/2020,65.050003,68.220001,64,64.580002,64.580002,2488500
3/26/2020,65.120003,67.964996,63.900002,67.010002,67.010002,2239100
3/27/2020,65,65.489998,62.669998,64.849998,64.849998,1515000
3/30/2020,64.589996,66.129997,63.049999,65.360001,65.360001,1938100
3/31/2020,64.959999,67.239998,63.369999,64.010002,64.010002,2281000
4/1/2020,61.740002,65.209999,60.52,62.490002,62.490002,1922200
4/2/2020,61.759998,63.509998,58.191002,58.939999,58.939999,1959900
4/3/2020,58.700001,60.27,56.599998,57.84,57.84,1277900
4/6/2020,60.299999,61.720001,59.709999,61.080002,61.080002,1910600
4/7/2020,63.009998,65.690002,61.502998,63.380001,63.380001,2232900
4/8/2020,64.349998,67.220001,63.494999,66.959999,66.959999,2272300
4/9/2020,68.18,71.279999,67.489998,68.709999,68.709999,3062200
4/13/2020,68.370003,68.598999,66,67.980003,67.980003,1438400
4/14/2020,70.07,70.919998,69.089996,69.720001,69.720001,1150500
4/15/2020,67.559998,69.385002,67.32,68.849998,68.849998,1483900
4/16/2020,69.360001,70.339996,68.330002,68.889999,68.889999,2061900
4/17/2020,70.199997,73.190002,70,73.18,73.18,1790100
4/20/2020,72.080002,74.389999,71.290001,72.370003,72.370003,2017700
4/21/2020,71.440002,71.445,66.464996,66.660004,66.660004,2365500
4/22/2020,68.099998,72.099998,67.57,72.099998,72.099998,2215100
4/23/2020,72.5,73.044998,70.760002,71.620003,71.620003,1224600
4/24/2020,72.529999,74.379997,71.57,73.400002,73.400002,1408000
4/27/2020,74.220001,74.610001,73.220001,73.739998,73.739998,1328800
4/28/2020,72.57,74.5,71.254997,71.910004,71.910004,1448400
4/29/2020,73.839996,77.379997,71.900002,75.870003,75.870003,1968300
4/30/2020,76.800003,79.849998,75.760002,76.879997,76.879997,4010500
5/1/2020,71.459999,75,70.050003,72.550003,72.550003,3798500
5/4/2020,72.019997,73.68,71.029999,73.139999,73.139999,1426700
5/5/2020,74.129997,76.25,74.120003,75.330002,75.330002,1812000
5/6/2020,75.959999,76.400002,72.870003,73.290001,73.290001,2043000
5/7/2020,74.5,79.800003,74.32,78.529999,78.529999,2105500
5/8/2020,79.129997,79.980003,77.809998,77.870003,77.870003,1080300
5/11/2020,77.18,79.459999,76.690002,78.739998,78.739998,2509200
5/12/2020,78.849998,79,76.169998,76.419998,76.419998,1251300
5/13/2020,76.230003,76.373001,72,73.089996,73.089996,1348200
5/14/2020,72.330002,73.809998,70.919998,73.760002,73.760002,1213400
5/15/2020,73.25,75,72.650002,74.550003,74.550003,1396500
5/18/2020,76.18,77.614998,75.790001,76,76,1321800
5/19/2020,76.360001,78.925003,76.160004,77.870003,77.870003,1921100
5/20/2020,78.5,81.800003,78.25,81.160004,81.160004,3087600
5/21/2020,81.68,82.239998,79.900002,80.18,80.18,1479900
5/22/2020,80.370003,82.25,79.599998,81.93,81.93,1279500
5/26/2020,83.440002,83.75,80.540001,81.209999,81.209999,2280400
5/27/2020,80.599998,81.065002,77.129997,78.809998,78.809998,3225100
5/28/2020,79.43,85.900002,78.910004,84.379997,84.379997,2953400
5/29/2020,84.379997,85.889999,83.489998,85.75,85.75,2163400
6/1/2020,85,87.989998,84.809998,87.559998,87.559998,1628100
6/2/2020,87.779999,87.989998,84.849998,87.440002,87.440002,1198800
6/3/2020,87.440002,89.099998,85.629997,86.040001,86.040001,1282000
6/4/2020,85.059998,85.550003,81.25,82.550003,82.550003,1639700
6/5/2020,82.959999,84.059998,81.25,82.730003,82.730003,1858100
6/8/2020,82.5,84.959999,81.5,84.800003,84.800003,2085500
6/9/2020,84.790001,86.849998,83.739998,86.010002,86.010002,1276800
6/10/2020,86.959999,89.440002,86.584999,88.75,88.75,1849700
6/11/2020,83.489998,84.599998,79.720001,79.730003,79.730003,3529600
6/12/2020,82.150002,82.980003,77.769997,80.110001,80.110001,4485600
6/15/2020,78.919998,80.940002,77.75,80.220001,80.220001,1880800
6/16/2020,82.480003,83.75,81.620003,82.519997,82.519997,1576700
6/17/2020,83.870003,84.199997,81.779999,82.32,82.32,1563500
6/18/2020,83.360001,84.019997,81.910004,82.720001,82.720001,1465600
6/19/2020,83.709999,84.050003,81,81.25,81.25,2632600
6/22/2020,82,85.620003,81.699997,84.949997,84.949997,2611300
6/23/2020,86.389999,87.156998,84.790001,85.18,85.18,2811400
6/24/2020,85.730003,86.690002,81.099998,81.760002,81.760002,3001300
6/25/2020,82.5,84.800003,81.650002,84.760002,84.760002,1546700
6/26/2020,85,86.805,83.440002,86.419998,86.419998,2524300
6/29/2020,87.089996,87.489998,84.599998,86.349998,86.349998,1751400
6/30/2020,86.459999,88.669998,85.720001,88.529999,88.529999,1734800
7/1/2020,88.5,89.779999,87.379997,89.239998,89.239998,2858600
7/2/2020,90,91.959999,87.93,88.480003,88.480003,3672400
7/6/2020,90,91.459999,89.040001,89.370003,89.370003,1930700
7/7/2020,89.730003,91.339996,89.400002,89.75,89.75,1792200
7/8/2020,90.199997,92.410004,90.199997,92.32,92.32,1611900
7/9/2020,93,94.870003,91.18,94.269997,94.269997,2138900
7/10/2020,94.620003,94.870003,91.93,92.5,92.5,1469300
7/13/2020,93.300003,94.370003,87.580002,87.690002,87.690002,1457700
7/14/2020,87.690002,88.75,84.095001,88.68,88.68,1426500
7/15/2020,90,90.07,87.209999,88.419998,88.419998,1187800
7/16/2020,87.459999,88.199997,85.720001,87.360001,87.360001,1995400
7/17/2020,87.93,90.169998,87.57,89.75,89.75,2336700
7/20/2020,89.769997,96.290001,89.769997,96.150002,96.150002,3463200
7/21/2020,96.150002,96.800003,93.660004,94.300003,94.300003,2810800
7/22/2020,94.699997,96.989998,94.550003,95.970001,95.970001,2045000
7/23/2020,95.970001,97.669998,94.029999,94.809998,94.809998,2480300
7/24/2020,93.720001,94.82,92,94.120003,94.120003,2417200
7/27/2020,94.900002,96.330002,93.610001,96.309998,96.309998,1710600
7/28/2020,96.230003,97.239998,94.980003,95.110001,95.110001,835300
7/29/2020,96,100.339996,95.754997,99.32,99.32,2106900
7/30/2020,98,101.940002,97.959999,100.519997,100.519997,2707800
7/31/2020,97.370003,97.720001,89.099998,91.150002,91.150002,6425900
8/3/2020,92,93.589996,90.129997,92.309998,92.309998,2956500
8/4/2020,92.489998,93.330002,89.82,91.379997,91.379997,3087700
8/5/2020,92,92.699997,90.619003,91.480003,91.480003,1556000
8/6/2020,91.5,91.889999,89.370003,90.870003,90.870003,2289100
8/7/2020,90.870003,91,86.651001,88.379997,88.379997,2022800
8/10/2020,89.449997,89.830002,85.859001,87.260002,87.260002,1938300
8/11/2020,86.660004,87.480003,85.190002,85.260002,85.260002,1933200
8/12/2020,86.330002,87.800003,85.839996,86.220001,86.220001,1343100
8/13/2020,86.550003,89.279999,86.5,87.919998,87.919998,1355400
8/14/2020,88,88.900002,86.800003,87.870003,87.870003,869300
8/17/2020,88.339996,88.870003,87.139999,87.43,87.43,1124400
8/18/2020,88,88.805,87.459999,88.440002,88.440002,783500
8/19/2020,89,89,85.919998,87.160004,87.160004,1053100
8/20/2020,86.529999,88.739998,86.410004,87.970001,87.970001,1278300
8/21/2020,87.919998,88.190002,85.980003,86.220001,86.220001,1137900
8/24/2020,87.029999,87.639999,85.440002,86.470001,86.470001,883900
8/25/2020,86.5,87.68,85.910004,87.550003,87.550003,1226700
8/26/2020,89.540001,93.610001,89.220001,93.110001,93.110001,2692700
8/27/2020,93,93.690002,91.110001,93.019997,93.019997,1162700
8/28/2020,93.959999,96.029999,93.419998,94.739998,94.739998,1118000
8/31/2020,95,96.889999,94.665001,96.379997,96.379997,1274700
9/1/2020,98.5,103.970001,98.010002,103.099998,103.099998,2630400
9/2/2020,103.620003,107.790001,103.620003,106.790001,106.790001,3145900
9/3/2020,105,105,100.010002,101.739998,101.739998,2465800
9/4/2020,100.639999,101.43,94.129997,98.239998,98.239998,1615300
9/8/2020,93.599998,97.93,93.599998,94.93,94.93,1899200
9/9/2020,97.129997,97.870003,94.557999,96.370003,96.370003,1134800
9/10/2020,97.150002,98.779999,95.040001,95.900002,95.900002,911000
9/11/2020,97,97.43,93.18,94.540001,94.540001,902000
9/14/2020,96.150002,97.480003,95.099998,96.809998,96.809998,1516500
9/15/2020,98,99.199997,96.330002,97.919998,97.919998,1281300
9/16/2020,98.209999,98.669998,95.660004,96.519997,96.519997,956000
9/17/2020,94.639999,95.970001,93.050003,95.389999,95.389999,1156000
9/18/2020,96.379997,97.269997,93.629997,95.610001,95.610001,1644600
9/21/2020,93.919998,97.32,93.519997,97.080002,97.080002,765500
9/22/2020,98.730003,100.639999,97.580002,100.410004,100.410004,1160000
9/23/2020,100,101.389999,99.150002,99.260002,99.260002,1130200
9/24/2020,98.489998,98.824997,95.870003,96.669998,96.669998,1463800
9/25/2020,97.010002,99.839996,96.440002,99.370003,99.370003,1425100
9/28/2020,100.190002,103.010002,100,101.910004,101.910004,1553900
9/29/2020,102,102.980003,100.709999,101.800003,101.800003,966700
9/30/2020,101.790001,104.07,101.699997,102.919998,102.919998,1738000
10/1/2020,104,105.620003,102.230003,104.360001,104.360001,1801100
10/2/2020,101.739998,105.220001,101.169998,103.440002,103.440002,1701100
10/5/2020,104,105.910004,103.5,105.349998,105.349998,981700
10/6/2020,105.349998,107.989998,104.610001,105.839996,105.839996,1205900
10/7/2020,107.160004,109.720001,107.160004,108.849998,108.849998,1091400
10/8/2020,109.580002,109.800003,107.110001,107.830002,107.830002,1257000
10/9/2020,108.5,111.480003,108.279999,110.860001,110.860001,920800
10/12/2020,112.919998,113.629997,110.720001,112.449997,112.449997,974200
10/13/2020,113.900002,116.540001,112.660004,113.239998,113.239998,1896100
10/14/2020,113.690002,113.720001,110.029999,111.169998,111.169998,947100
10/15/2020,109,112.610001,108.370003,111.980003,111.980003,1367500
10/16/2020,112.769997,113.690002,111.419998,112.230003,112.230003,1075600
10/19/2020,113,115.25,111.709999,112.489998,112.489998,816300
10/20/2020,112.089996,113.779999,111.769997,111.860001,111.860001,965200
10/21/2020,112,112.599998,109.120003,109.440002,109.440002,846000
10/22/2020,108.980003,110.349998,106.550003,108.760002,108.760002,1023300
10/23/2020,108.940002,110.400002,107.800003,110.239998,110.239998,829000
10/26/2020,109.919998,110.779999,106.550003,108.050003,108.050003,1053800
10/27/2020,109.040001,109.940002,107.129997,108.099998,108.099998,1254800
10/28/2020,107,107.245003,103.839996,104.120003,104.120003,1152800
10/29/2020,104.949997,107.504997,103.279999,106.029999,106.029999,1716300
10/30/2020,114.580002,117.349998,109.25,110.940002,110.940002,4249000
11/2/2020,110.5,113.959999,107.879997,109.970001,109.970001,2610200
11/3/2020,110.5,115.165001,110.279999,114.660004,114.660004,1495700
11/4/2020,117,125.07,117,122.739998,122.739998,2572900
11/5/2020,123.559998,124.809998,121.43,123.489998,123.489998,1692700
11/6/2020,123.5,125.93,122.099998,125.169998,125.169998,1060500
11/9/2020,118.989998,126.959999,118.269997,124.279999,124.279999,2266000
11/10/2020,123.120003,123.480003,117.790001,121.370003,121.370003,2184200
11/11/2020,122.150002,126.120003,121.964996,123.559998,123.559998,1466200
11/12/2020,124,126.830002,123.760002,124.389999,124.389999,824800
11/13/2020,125.580002,125.989998,122.199997,123.550003,123.550003,1034300
11/16/2020,122.800003,124.480003,121,122.379997,122.379997,1037300
11/17/2020,122.5,127,121.919998,125.900002,125.900002,993900
11/18/2020,125.940002,127.339996,124.720001,125.550003,125.550003,1087100
11/19/2020,126.75,128.050003,126,127.18,127.18,1503900
11/20/2020,127,128.470001,125.529999,126.550003,126.550003,1055500
11/23/2020,127.239998,128.440002,125.760002,127.32,127.32,960100
11/24/2020,127.910004,129.330002,127,128.949997,128.949997,876800
11/25/2020,129.669998,135.300003,129.369995,134.520004,134.520004,1707700
11/27/2020,135.770004,139.169998,134.410004,135.190002,135.190002,1378500
11/30/2020,135.929993,137.800003,131.740005,133.5,133.5,7801500
12/1/2020,133.830002,134.195007,130.259995,131.360001,131.360001,1362500
12/2/2020,131.330002,132.630005,129.990005,132.399994,132.399994,1694900
12/3/2020,132.300003,136.520004,132.292007,135.089996,135.089996,1261300
12/4/2020,135.610001,136.949997,134.270004,135.880005,135.880005,1307400
12/7/2020,135.919998,138.100006,134.570007,134.789993,134.789993,1237900
12/8/2020,135.559998,137.110001,134.660004,135.240005,135.240005,1064100
12/9/2020,135,135.440002,130.850006,132.320007,132.320007,1025300
12/10/2020,132.259995,137.779999,131.240005,137.509995,137.509995,1469400
12/11/2020,137.399994,139.270004,136,139.080002,139.080002,1003300
12/14/2020,138.539993,139.682007,134.339996,137.300003,137.300003,1618900
12/15/2020,137.619995,138.789993,133.710999,135.270004,135.270004,1287400
12/16/2020,135.220001,136.826004,133.539993,135.449997,135.449997,1086000
12/17/2020,136.809998,140.770004,136.809998,140.089996,140.089996,924500
12/18/2020,141.100006,142.279999,139.184998,140.270004,140.270004,1521300
12/21/2020,138.470001,141.080002,137.440002,140.570007,140.570007,869500
12/22/2020,141.559998,144.188004,141.539993,143.490005,143.490005,828500
12/23/2020,143.399994,144.5,140.110001,142.770004,142.770004,697800
12/24/2020,143.110001,144.559998,142.149994,142.830002,142.830002,257700
12/28/2020,144.389999,144.589996,138.860001,139.449997,139.449997,700000
12/29/2020,141.020004,141.720001,137.630005,140.050003,140.050003,646100
12/30/2020,141.139999,142.220001,141,141.289993,141.289993,519100
12/31/2020,141.410004,143.639999,140.210007,143.119995,143.119995,710800
1/4/2021,143.779999,144.259995,136.179993,138.990005,138.990005,899500
1/5/2021,138.919998,141.009995,137.570007,141,141,1442400
1/6/2021,136.610001,140.089996,135.477997,137.720001,137.720001,1143000
1/7/2021,139.539993,144.330002,139.539993,144.330002,144.330002,1239100
1/8/2021,144.330002,149.759995,144.330002,149.369995,149.369995,1853500
1/11/2021,147.940002,153.059998,146.039993,152.259995,152.259995,1863000
1/12/2021,152.25,154.240005,151.029999,152.660004,152.660004,2163100
1/13/2021,153.020004,154.210007,146.070007,147.110001,147.110001,2498800
1/14/2021,146.169998,148.828995,145.360001,146.229996,146.229996,2000100
1/15/2021,147.300003,148.160004,141.720001,143.339996,143.339996,1417900
1/19/2021,145.089996,146.759995,143.509995,145.729996,145.729996,1130000
1/20/2021,147.729996,149.529999,146,146.850006,146.850006,1110500
1/21/2021,147.490005,148.029999,144.179993,147.550003,147.550003,971200
1/22/2021,149.490005,152.449997,148.440002,150.809998,150.809998,1200600
1/25/2021,152.410004,152.830002,143.860001,147.119995,147.119995,1359900
1/26/2021,146.440002,147.410004,144.259995,145.360001,145.360001,1102700
1/27/2021,142.25,143.389999,135.190002,135.690002,135.690002,1760400
1/28/2021,137.919998,145.619995,137.509995,144.070007,144.070007,1839600
1/29/2021,142.589996,146.130005,140.298996,144.240005,144.240005,1705500
2/1/2021,145,149.240005,144.669998,147.729996,147.729996,955000
2/2/2021,150,154.350006,149.600006,153.149994,153.149994,1387200
2/3/2021,153.169998,153.449997,150.070007,151.929993,151.929993,1208900
2/4/2021,153.380005,156.5,151.320007,155.550003,155.550003,1926200
2/5/2021,159.600006,166.600006,157.100006,158,158,3197800
2/8/2021,159.100006,163.639999,154.759995,155.970001,155.970001,1858600
2/9/2021,154.660004,156.970001,154.011993,155.050003,155.050003,1328000
2/10/2021,156,157.429993,152.759995,154.490005,154.490005,1283100
2/11/2021,156.139999,158.309998,154.490005,155.149994,155.149994,831700
2/12/2021,156.009995,158.039993,154.235001,157.199997,157.199997,1183800
2/16/2021,158.529999,158.690002,152.690002,153.679993,153.679993,1402600
2/17/2021,152.399994,154.259995,151.009995,153.429993,153.429993,1407100
2/18/2021,151.179993,157.550003,149.410004,156.419998,156.419998,801200
2/19/2021,157,159.800003,156.889999,157.690002,157.690002,901900
2/22/2021,155,156.990005,151.770004,152.539993,152.539993,980200
2/23/2021,148,151.539993,142.529999,149.559998,149.559998,1268600
2/24/2021,148.75,151.389999,146.600006,150.160004,150.160004,1084300
2/25/2021,149.449997,151.460007,143.440002,143.990005,143.990005,1500800
2/26/2021,145.860001,148.690002,141.130005,146.139999,146.139999,1312900
3/1/2021,148.679993,150.990005,146.779999,150.539993,150.539993,836500
3/2/2021,150.5,151.320007,147.729996,148.770004,148.770004,1101300
3/3/2021,147.809998,148.259995,141.830002,142.5,142.5,1106500
3/4/2021,140.610001,143.369995,132.970001,136.130005,136.130005,1548800
3/5/2021,137.369995,137.979996,126,133.080002,133.080002,1555900
3/8/2021,132.979996,136.649994,126.190002,126.459999,126.459999,1459400
3/9/2021,131.139999,132.899994,129.220001,131.070007,131.070007,977100
3/10/2021,134.300003,135.990005,128.921005,129.300003,129.300003,990900
3/11/2021,133.320007,137.779999,132.699997,136.279999,136.279999,1305900
3/12/2021,133.880005,135.845001,132.669998,134.869995,134.869995,925900
3/15/2021,133.820007,135.710007,131.929993,133.850006,133.850006,1106200
3/16/2021,135.539993,137.350006,133.320007,135.179993,135.179993,788000
3/17/2021,133.080002,135.229996,129.270004,133.320007,133.320007,1005600
3/18/2021,130.789993,130.830002,125.07,125.489998,125.489998,1552200
3/19/2021,126.360001,132.095001,124.697998,129.479996,129.479996,2672200
3/22/2021,130.300003,135.210007,130.080002,132.990005,132.990005,1038400
3/23/2021,133.309998,136.220001,132.919998,133.860001,133.860001,926400
3/24/2021,134,134.720001,128.320007,129.009995,129.009995,1020200
3/25/2021,126.739998,131.660004,124.510002,130.729996,130.729996,1067500
3/26/2021,130.960007,132.509995,127.349998,130.639999,130.639999,597400
3/29/2021,129.389999,129.925003,125.178001,127.410004,127.410004,969400
3/30/2021,126.360001,128.289993,125.190002,127.639999,127.639999,783300
3/31/2021,129.869995,134.149994,128.550003,132.619995,132.619995,1139200
4/1/2021,134.990005,140.339996,134.820007,139.800003,139.800003,2014200
4/5/2021,140.759995,142.070007,137.755005,139.419998,139.419998,551500
4/6/2021,138.229996,142.369995,137.285004,139.330002,139.330002,849300
4/7/2021,139.110001,140.074997,137.399994,137.619995,137.619995,686100
4/8/2021,140.979996,144.440002,140,142.039993,142.039993,941400
4/9/2021,141.130005,144.919998,139.25,144.339996,144.339996,542300
4/12/2021,142.919998,146.570007,142.529999,146.360001,146.360001,668800
4/13/2021,147.729996,150.699997,147.330002,149.779999,149.779999,687800
4/14/2021,150.509995,152.520004,148.279999,148.820007,148.820007,485100
4/15/2021,150,151.641998,148.910004,151.139999,151.139999,886100
4/16/2021,151.449997,151.970001,149,150.330002,150.330002,529700
4/19/2021,148.820007,151.429993,147.330002,147.960007,147.960007,622500
4/20/2021,148.050003,149.050003,145.029999,146.070007,146.070007,703700
4/21/2021,146.100006,148.639999,144.880005,144.990005,144.990005,870600
4/22/2021,146.149994,149.210007,145.125,145.490005,145.490005,1414300
4/23/2021,147.300003,148.380005,146.440002,147.520004,147.520004,1206900
4/26/2021,148.940002,153.529999,147.309998,153.520004,153.520004,1519400
4/27/2021,153.300003,153.699997,150.119995,153.399994,153.399994,866100
4/28/2021,153,155.610001,151.914993,155.350006,155.350006,1164100
4/29/2021,155.619995,155.619995,146.279999,149.529999,149.529999,1849400
4/30/2021,148.910004,154.009995,145.619995,146.149994,146.149994,2576300
5/3/2021,147.389999,147.550003,141.779999,144.089996,144.089996,1165400
5/4/2021,141.679993,143.160004,137.809998,142,142,1534500
5/5/2021,143.639999,144.850006,137.059998,138.389999,138.389999,1297700
5/6/2021,137.059998,138.490005,134.699997,137.559998,137.559998,1346000
5/7/2021,140.820007,141.630005,135.619995,135.669998,135.669998,1592500
5/10/2021,135.080002,135.690002,131.839996,131.929993,131.929993,896300
5/11/2021,128.279999,139.110001,127.07,138.389999,138.389999,1741000
5/12/2021,136,137.139999,132.339996,132.789993,132.789993,1085600
5/13/2021,134.330002,134.779999,129.259995,130.669998,130.669998,788500
5/14/2021,132.149994,135.770004,131.440002,135.039993,135.039993,650700
5/17/2021,134.360001,134.880005,129.809998,132.25,132.25,1207800
5/18/2021,133.149994,135.949997,132.259995,133.809998,133.809998,763700
5/19/2021,130.270004,133.490005,130.009995,133.350006,133.350006,500500
5/20/2021,134.699997,137.320007,134.119995,136.229996,136.229996,664600
5/21/2021,137.679993,137.970001,135.039993,135.360001,135.360001,560800
5/24/2021,137,138.479996,135.660004,136.919998,136.919998,355400
5/25/2021,137.729996,138.330002,136.440002,137.070007,137.070007,473000
5/26/2021,138.360001,139.440002,136.054993,136.449997,136.449997,939700
5/27/2021,137.839996,138.800003,134.600006,137.050003,137.050003,1595200
5/28/2021,137.75,139.520004,136.410004,136.660004,136.660004,599500
6/1/2021,136.5,136.539993,133.820007,134.619995,134.619995,657900
6/2/2021,134.460007,135.630005,133.5,134.410004,134.410004,796700
6/3/2021,133.589996,134.184998,131,131.259995,131.259995,695300
6/4/2021,132.580002,134.119995,132.369995,132.839996,132.839996,766700
6/7/2021,132.139999,136.300003,131.389999,135.220001,135.220001,789700
6/8/2021,136,138.199997,133.529999,135.360001,135.360001,998000
6/9/2021,135.729996,137.054993,135.429993,136.5,136.5,645700
6/10/2021,136.899994,137.800003,136.214996,136.600006,136.600006,857600
6/11/2021,136.410004,138.649994,135.580002,138.610001,138.610001,788300
6/14/2021,139,142.520004,138.619995,141.020004,141.020004,967300
6/15/2021,140.410004,140.949997,137.630005,137.860001,137.860001,821300
6/16/2021,138.020004,141.110001,137.130005,138.970001,138.970001,962300
6/17/2021,138,144.839996,138,144.440002,144.440002,1088300
6/18/2021,144.600006,146.759995,143.419998,145.929993,145.929993,1359500
6/21/2021,145.850006,147.350006,143.003998,146.070007,146.070007,1017600
6/22/2021,145.940002,146.889999,144.339996,144.770004,144.770004,730800
6/23/2021,144.850006,147.190002,144.710007,146.369995,146.369995,611600
6/24/2021,147.559998,149.350006,146.720001,147.759995,147.759995,683300
6/25/2021,147.75,148.419998,145.679993,146.639999,146.639999,1087300
6/28/2021,146.949997,148.300003,146.850006,147.759995,147.759995,657100
6/29/2021,148,149.220001,146.949997,148.779999,148.779999,778600
6/30/2021,148.190002,148.5,143.259995,144.339996,144.339996,1090000
7/1/2021,143.360001,144.343002,141.509995,142.869995,142.869995,1066800
7/2/2021,143.990005,146.179993,143.580002,146.020004,146.020004,893800
7/6/2021,146.740005,149.199997,146.199997,148.520004,148.520004,824500
7/7/2021,148.649994,148.649994,142.899994,144.149994,144.149994,1277500
7/8/2021,141.440002,143.059998,139.009995,141.839996,141.839996,995500
7/9/2021,141.369995,143.539993,140.259995,143.479996,143.479996,554200
7/12/2021,143.839996,145.380005,140.270004,140.669998,140.669998,557900
7/13/2021,140.5,141.445007,137.449997,138.589996,138.589996,1346200
7/14/2021,139.729996,140,136.199997,137.619995,137.619995,1138500
7/15/2021,137.720001,138.300003,134.559998,135.889999,135.889999,968100
7/16/2021,137.160004,138.740005,136.100006,136.360001,136.360001,926700
7/19/2021,135,135.660004,132.619995,135.029999,135.029999,1169900
7/20/2021,135.690002,139.960007,134.580002,138.639999,138.639999,1063600
7/21/2021,138.729996,140.399994,138.007004,140.389999,140.389999,748000
7/22/2021,141.070007,143.279999,140.759995,143.080002,143.080002,958100
7/23/2021,144.199997,147.149994,143.320007,146.899994,146.899994,1823500
7/26/2021,147.649994,150.850006,146.460007,150.160004,150.160004,1672800
7/27/2021,150,150.539993,145.979996,148.550003,148.550003,1386000
7/28/2021,148.449997,151.199997,147.75,150.839996,150.839996,838200
7/29/2021,150.330002,153.429993,150.25,150.520004,150.520004,1454500
7/30/2021,141.509995,143.309998,127.589996,130.529999,130.529999,7115700
8/2/2021,129.110001,130.470001,127.099998,129.350006,129.350006,1892400
8/3/2021,129.029999,129.449997,126.68,127.209999,127.209999,1817000
8/4/2021,127.669998,128.449997,125.394997,127.459999,127.459999,898300
8/5/2021,127.089996,129.470001,126.404999,129.419998,129.419998,1052100
8/6/2021,128.880005,129.800003,127.629997,128.619995,128.619995,857600
8/9/2021,128.139999,129.25,127.889999,128.050003,128.050003,1244100
8/10/2021,127.940002,128.190002,124.330002,125.760002,125.760002,1273300
8/11/2021,125.760002,126.474998,122.360001,124.550003,124.550003,1186400
8/12/2021,124.419998,125.720001,123.339996,123.830002,123.830002,952700
8/13/2021,123.830002,124.760002,122.519997,123.720001,123.720001,743400
